mc	mn	mc_playthrough	mn_playthrough	quarterbeats_playthrough	quarterbeats_all_endings	duration_qb	mc_onset	mn_onset	timesig	staff	voice	label	alt_label	globalkey	localkey	pedal	chord	special	numeral	form	figbass	changes	relativeroot	cadence	phraseend	chord_type	globalkey_is_minor	localkey_is_minor	chord_tones	added_tones	root	bass_note
1	1	1	1a	0	0	3.0	0	0	3/4	2	1	Ab.I{		Ab	I		I		I						{	M	0	0	0, 4, 1		0	0
2	2	2	2a	3	3	2.0	0	0	3/4	2	1	I64(9)		Ab	I		I64(9)		I		64	9				M	0	0	1, 0, 4	2	0	1
2	2	2	2a	5	5	1.0	1/2	1/2	3/4	2	1	I64		Ab	I		I64		I		64					M	0	0	1, 0, 4		0	1
3	3	3	3a	6	6	3.0	0	0	3/4	2	1	V43		Ab	I		V43		V		43					Mm7	0	0	2, -1, 1, 5		1	2
4	4	4	4a	9	9	2.0	0	0	3/4	2	1	V7(6)		Ab	I		V7(6)		V		7	6				Mm7	0	0	1, 5, 4, -1		1	1
4	4	4	4a	11	11	1.0	1/2	1/2	3/4	2	1	V7		Ab	I		V7		V		7					Mm7	0	0	1, 5, 2, -1		1	1
5	5	5	5a	12	12	3.0	0	0	3/4	2	1	I		Ab	I		I		I							M	0	0	0, 4, 1		0	0
6	6	6	6a	15	15	2.0	0	0	3/4	2	1	V43(+4)/IV		Ab	I		V43(+4)/IV		V		43	+4	IV			Mm7	0	0	1, -2, 0, 4	-1	0	1
6	6	6	6a	17	17	1.0	1/2	1/2	3/4	2	1	V43/IV		Ab	I		V43/IV		V		43		IV			Mm7	0	0	1, -2, 0, 4		0	1
7	7	7	7a	18	18	1.0	0	0	3/4	2	1	I(6#4#2)	IV64	Ab	I		I(6#4#2)		I			6#4#2				M	0	0	0, 9, 6, 3		0	0
7	7	7	7a	19	19	1.0	1/4	1/4	3/4	2	1	I(+76#4#2)		Ab	I		I(+76#4#2)		I			+76#4#2				M	0	0	0, 9, 6, 3	5	0	0
7	7	7	7a	20	20	1.0	1/2	1/2	3/4	2	1	I(6#4#2)		Ab	I		I(6#4#2)		I			6#4#2				M	0	0	0, 9, 6, 3		0	0
8	8	8	8a	21	21	3.0	0	0	3/4	2	1	I}		Ab	I		I		I						}	M	0	0	0, 4, 1		0	0
9	9	9	9a	24	24	3.0	0	0	3/4	2	1	V65(b9)/ii{		Ab	I		V65(b9)/ii		V		65	b9	ii		{	Mm7	0	0	7, 4, 1, 3	-9	3	7
10	10	10	10a	27	27	3.0	0	0	3/4	2	1	ii		Ab	I		ii		ii							m	0	0	2, -1, 3		2	2
11	11	11	11a	30	30	3.0	0	0	3/4	2	1	V65(b9)		Ab	I		V65(b9)		V		65	b9				Mm7	0	0	5, 2, -1, 1	-4	1	5
12	12	12	12a	33	33	3.0	0	0	3/4	2	1	I		Ab	I		I		I							M	0	0	0, 4, 1		0	0
13	13	13	13a	36	36	3.0	0	0	3/4	2	1	V2/IV		Ab	I		V2/IV		V		2		IV			Mm7	0	0	-2, 0, 4, 1		0	-2
14	14	14	14a	39	39	2.0	0	0	3/4	2	1	vi(9)		Ab	I		vi(9)		vi			9				m	0	0	3, 0, 4	5	3	3
14	14	14	14a	41	41	1.0	1/2	1/2	3/4	2	1	vi		Ab	I		vi		vi							m	0	0	3, 0, 4		3	3
15	15	15	15a	42	42	3.0	0	0	3/4	2	1	Fr6		Ab	I		Fr6	Fr	V		43	b5	V			Fr	0	0	-4, 0, 2, 6		2	-4
16	16	16	16a	45	45	3.0	0	0	3/4	2	1	V7|HC}		Ab	I		V7		V		7			HC	}	Mm7	0	0	1, 5, 2, -1		1	1
17	17	17	17a	48	48	3.0	0	0	3/4	2	1	I{		Ab	I		I		I						{	M	0	0	0, 4, 1		0	0
18	18	18	18a	51	51	2.0	0	0	3/4	2	1	I64(9)		Ab	I		I64(9)		I		64	9				M	0	0	1, 0, 4	2	0	1
18	18	18	18a	53	53	1.0	1/2	1/2	3/4	2	1	I64		Ab	I		I64		I		64					M	0	0	1, 0, 4		0	1
19	19	19	19a	54	54	3.0	0	0	3/4	2	1	V43		Ab	I		V43		V		43					Mm7	0	0	2, -1, 1, 5		1	2
20	20	20	20a	57	57	2.0	0	0	3/4	2	1	V7(6)		Ab	I		V7(6)		V		7	6				Mm7	0	0	1, 5, 4, -1		1	1
20	20	20	20a	59	59	1.0	1/2	1/2	3/4	2	1	V7		Ab	I		V7		V		7					Mm7	0	0	1, 5, 2, -1		1	1
21	21	21	21a	60	60	3.0	0	0	3/4	2	1	I		Ab	I		I		I							M	0	0	0, 4, 1		0	0
22	22	22	22a	63	63	2.0	0	0	3/4	2	1	V43(+4)/IV		Ab	I		V43(+4)/IV		V		43	+4	IV			Mm7	0	0	1, -2, 0, 4	-1	0	1
22	22	22	22a	65	65	1.0	1/2	1/2	3/4	2	1	V43/IV		Ab	I		V43/IV		V		43		IV			Mm7	0	0	1, -2, 0, 4		0	1
23	23	23	23a	66	66	1.0	0	0	3/4	2	1	I(6#4#2)	IV64	Ab	I		I(6#4#2)		I			6#4#2				M	0	0	0, 9, 6, 3		0	0
23	23	23	23a	67	67	1.0	1/4	1/4	3/4	2	1	I(+76#4#2)		Ab	I		I(+76#4#2)		I			+76#4#2				M	0	0	0, 9, 6, 3	5	0	0
23	23	23	23a	68	68	1.0	1/2	1/2	3/4	2	1	I(6#4#2)		Ab	I		I(6#4#2)		I			6#4#2				M	0	0	0, 9, 6, 3		0	0
24	24	24	24a	69	69	3.0	0	0	3/4	2	1	I}		Ab	I		I		I						}	M	0	0	0, 4, 1		0	0
25	25	25	25a	72	72	3.0	0	0	3/4	2	1	V65(b9)/ii{		Ab	I		V65(b9)/ii		V		65	b9	ii		{	Mm7	0	0	7, 4, 1, 3	-9	3	7
26	26	26	26a	75	75	3.0	0	0	3/4	2	1	ii		Ab	I		ii		ii							m	0	0	2, -1, 3		2	2
27	27	27	27a	78	78	3.0	0	0	3/4	2	1	III.V65(b9)		Ab	III		V65(b9)		V		65	b9				Mm7	0	0	5, 2, -1, 1	-4	1	5
28	28	28	28a	81	81	4.0	0	0	3/4	2	1	I[I		Ab	III	I	I		I							M	0	0	0, 4, 1		0	0
29	29	29	29a	85	85	2.0	1/4	1/4	3/4	2	1	Fr6	I(b6#42)	Ab	III	I	Fr6	Fr	V		43	b5	V			Fr	0	0	-4, 0, 2, 6		2	-4
30	30	30	30a	87	87	4.0	0	0	3/4	2	1	I		Ab	III	I	I		I							M	0	0	0, 4, 1		0	0
31	31	31	31a	91	91	2.0	1/4	1/4	3/4	2	1	viio43		Ab	III	I	viio43		vii	o	43					o7	0	0	-1, -4, 5, 2		5	-1
32	32	32	32a	93	93	4.0	0	0	3/4	2	1	I		Ab	III	I	I		I							M	0	0	0, 4, 1		0	0
33	33	33	33a	97	97	2.0	1/4	1/4	3/4	2	1	Fr6	I(b6#42)	Ab	III	I	Fr6	Fr	V		43	b5	V			Fr	0	0	-4, 0, 2, 6		2	-4
34	34	34	34a	99	99	3.0	0	0	3/4	2	1	I		Ab	III	I	I		I							M	0	0	0, 4, 1		0	0
35	35	35	35a	102	102	3.0	0	0	3/4	2	1	viio43		Ab	III	I	viio43		vii	o	43					o7	0	0	-1, -4, 5, 2		5	-1
36	36	36	36a	105	105	12.0	0	0	3/4	2	1	I]|IAC}		Ab	III	I	I		I					IAC	}	M	0	0	0, 4, 1		0	0
40	40	40	40a	117	117	3.0	0	0	3/4	2	1	I.ii{		Ab	I		ii		ii						{	m	0	0	2, -1, 3		2	2
41	41	41	41a	120	120	3.0	0	0	3/4	2	1	ii2		Ab	I		ii2		ii		2					mm7	0	0	0, 2, -1, 3		2	0
42	42	42	42a	123	123	3.0	0	0	3/4	2	1	V7/III		Ab	I		V7/III		V		7		III			Mm7	0	0	5, 9, 6, 3		5	5
43	43	43	43a	126	126	1.5	0	0	3/4	2	1	III(#2)}		Ab	I		III(#2)		III			#2			}	M	0	0	4, 6, 5		4	4
43	43	43	43a	255/2	255/2	1.5	3/8	3/8	3/4	2	1	III		Ab	I		III		III							M	0	0	4, 8, 5		4	4
44	44	44	44a	129	129	3.0	0	0	3/4	2	1	V7/ii{		Ab	I		V7/ii		V		7		ii		{	Mm7	0	0	3, 7, 4, 1		3	3
45	45	45	45a	132	132	1.5	0	0	3/4	2	1	ii(9)}		Ab	I		ii(9)		ii			9			}	m	0	0	2, -1, 3	4	2	2
45	45	45	45a	267/2	267/2	1.5	3/8	3/8	3/4	2	1	ii		Ab	I		ii		ii							m	0	0	2, -1, 3		2	2
46	46	46	46a	135	135	1.5	0	0	3/4	2	1	ii6(#7){		Ab	I		ii6(#7)		ii		6	#7			{	m	0	0	-1, 3, 7		2	-1
46	46	46	46a	273/2	273/2	1.5	3/8	3/8	3/4	2	1	ii65		Ab	I		ii65		ii		65					mm7	0	0	-1, 3, 0, 2		2	-1
47	47	47	47a	138	138	3.0	0	0	3/4	2	1	V7|HC}		Ab	I		V7		V		7			HC	}	Mm7	0	0	1, 5, 2, -1		1	1
48	48	48	48a	141	141	3.0	0	0	3/4	2	1	ii{		Ab	I		ii		ii						{	m	0	0	2, -1, 3		2	2
49	49	49	49a	144	144	3.0	0	0	3/4	2	1	ii2		Ab	I		ii2		ii		2					mm7	0	0	0, 2, -1, 3		2	0
50	50	50	50a	147	147	3.0	0	0	3/4	2	1	V7/III		Ab	I		V7/III		V		7		III			Mm7	0	0	5, 9, 6, 3		5	5
51	51	51	51a	150	150	1.5	0	0	3/4	2	1	III(#2)}		Ab	I		III(#2)		III			#2			}	M	0	0	4, 6, 5		4	4
51	51	51	51a	303/2	303/2	1.5	3/8	3/8	3/4	2	1	III		Ab	I		III		III							M	0	0	4, 8, 5		4	4
52	52	52	52a	153	153	3.0	0	0	3/4	2	1	V7/ii{		Ab	I		V7/ii		V		7		ii		{	Mm7	0	0	3, 7, 4, 1		3	3
53	53	53	53a	156	156	1.5	0	0	3/4	2	1	ii(9)}		Ab	I		ii(9)		ii			9			}	m	0	0	2, -1, 3	4	2	2
53	53	53	53a	315/2	315/2	1.5	3/8	3/8	3/4	2	1	ii		Ab	I		ii		ii							m	0	0	2, -1, 3		2	2
54	54	54	54a	159	159	1.5	0	0	3/4	2	1	ii6(#7){		Ab	I		ii6(#7)		ii		6	#7			{	m	0	0	-1, 3, 7		2	-1
54	54	54	54a	321/2	321/2	1.5	3/8	3/8	3/4	2	1	ii6		Ab	I		ii6		ii		6					m	0	0	-1, 3, 2		2	-1
55	55	55	55a	162	162	1.5	0	0	3/4	2	1	V7(#2)}		Ab	I		V7(#2)		V		7	#2			}	Mm7	0	0	1, 10, 2, -1		1	1
55	55	55	55a	327/2	327/2	1.5	3/8	3/8	3/4	2	1	V7|HC		Ab	I		V7		V		7			HC		Mm7	0	0	1, 5, 2, -1		1	1
56	56	56	56a	165	165	3.0	0	0	3/4	2	1	I{		Ab	I		I		I						{	M	0	0	0, 4, 1		0	0
57	57	57	57a	168	168	2.0	0	0	3/4	2	1	I64(9)		Ab	I		I64(9)		I		64	9				M	0	0	1, 0, 4	2	0	1
57	57	57	57a	170	170	1.0	1/2	1/2	3/4	2	1	I64		Ab	I		I64		I		64					M	0	0	1, 0, 4		0	1
58	58	58	58a	171	171	3.0	0	0	3/4	2	1	V43		Ab	I		V43		V		43					Mm7	0	0	2, -1, 1, 5		1	2
59	59	59	59a	174	174	2.0	0	0	3/4	2	1	V7(6)		Ab	I		V7(6)		V		7	6				Mm7	0	0	1, 5, 4, -1		1	1
59	59	59	59a	176	176	1.0	1/2	1/2	3/4	2	1	V7		Ab	I		V7		V		7					Mm7	0	0	1, 5, 2, -1		1	1
60	60	60	60a	177	177	3.0	0	0	3/4	2	1	I		Ab	I		I		I							M	0	0	0, 4, 1		0	0
61	61	61	61a	180	180	2.0	0	0	3/4	2	1	V43(+4)/IV		Ab	I		V43(+4)/IV		V		43	+4	IV			Mm7	0	0	1, -2, 0, 4	-1	0	1
61	61	61	61a	182	182	1.0	1/2	1/2	3/4	2	1	V43/IV		Ab	I		V43/IV		V		43		IV			Mm7	0	0	1, -2, 0, 4		0	1
62	62	62	62a	183	183	1.0	0	0	3/4	2	1	I(6#4#2)	IV64	Ab	I		I(6#4#2)		I			6#4#2				M	0	0	0, 9, 6, 3		0	0
62	62	62	62a	184	184	1.0	1/4	1/4	3/4	2	1	I(+76#4#2)		Ab	I		I(+76#4#2)		I			+76#4#2				M	0	0	0, 9, 6, 3	5	0	0
62	62	62	62a	185	185	1.0	1/2	1/2	3/4	2	1	I(6#4#2)		Ab	I		I(6#4#2)		I			6#4#2				M	0	0	0, 9, 6, 3		0	0
63	63	63	63a	186	186	3.0	0	0	3/4	2	1	I}		Ab	I		I		I						}	M	0	0	0, 4, 1		0	0
64	64	64	64a	189	189	3.0	0	0	3/4	2	1	V65(b9)/ii{		Ab	I		V65(b9)/ii		V		65	b9	ii		{	Mm7	0	0	7, 4, 1, 3	-9	3	7
65	65	65	65a	192	192	3.0	0	0	3/4	2	1	ii		Ab	I		ii		ii							m	0	0	2, -1, 3		2	2
66	66	66	66a	195	195	3.0	0	0	3/4	2	1	V65(b9)		Ab	I		V65(b9)		V		65	b9				Mm7	0	0	5, 2, -1, 1	-4	1	5
67	67	67	67a	198	198	3.0	0	0	3/4	2	1	I		Ab	I		I		I							M	0	0	0, 4, 1		0	0
68	68	68	68a	201	201	3.0	0	0	3/4	2	1	V2/IV		Ab	I		V2/IV		V		2		IV			Mm7	0	0	-2, 0, 4, 1		0	-2
69	69	69	69a	204	204	2.0	0	0	3/4	2	1	vi(9)		Ab	I		vi(9)		vi			9				m	0	0	3, 0, 4	5	3	3
69	69	69	69a	206	206	1.0	1/2	1/2	3/4	2	1	vi		Ab	I		vi		vi							m	0	0	3, 0, 4		3	3
70	70	70	70a	207	207	3.0	0	0	3/4	2	1	Fr6		Ab	I		Fr6	Fr	V		43	b5	V			Fr	0	0	-4, 0, 2, 6		2	-4
71	71	71	71a	210	210	3.0	0	0	3/4	2	1	V7|HC}		Ab	I		V7		V		7			HC	}	Mm7	0	0	1, 5, 2, -1		1	1
72	72	72	72a	213	213	3.0	0	0	3/4	2	1	I{		Ab	I		I		I						{	M	0	0	0, 4, 1		0	0
73	73	73	73a	216	216	2.0	0	0	3/4	2	1	I64(9)		Ab	I		I64(9)		I		64	9				M	0	0	1, 0, 4	2	0	1
73	73	73	73a	218	218	1.0	1/2	1/2	3/4	2	1	I64		Ab	I		I64		I		64					M	0	0	1, 0, 4		0	1
74	74	74	74a	219	219	3.0	0	0	3/4	2	1	V43		Ab	I		V43		V		43					Mm7	0	0	2, -1, 1, 5		1	2
75	75	75	75a	222	222	2.0	0	0	3/4	2	1	V7(6)		Ab	I		V7(6)		V		7	6				Mm7	0	0	1, 5, 4, -1		1	1
75	75	75	75a	224	224	1.0	1/2	1/2	3/4	2	1	V7		Ab	I		V7		V		7					Mm7	0	0	1, 5, 2, -1		1	1
76	76	76	76a	225	225	3.0	0	0	3/4	2	1	I		Ab	I		I		I							M	0	0	0, 4, 1		0	0
77	77	77	77a	228	228	2.0	0	0	3/4	2	1	V43(+4)/IV		Ab	I		V43(+4)/IV		V		43	+4	IV			Mm7	0	0	1, -2, 0, 4	-1	0	1
77	77	77	77a	230	230	1.0	1/2	1/2	3/4	2	1	V43/IV		Ab	I		V43/IV		V		43		IV			Mm7	0	0	1, -2, 0, 4		0	1
78	78	78	78a	231	231	1.0	0	0	3/4	2	1	I(6#4#2)	IV64	Ab	I		I(6#4#2)		I			6#4#2				M	0	0	0, 9, 6, 3		0	0
78	78	78	78a	232	232	1.0	1/4	1/4	3/4	2	1	I(+76#4#2)		Ab	I		I(+76#4#2)		I			+76#4#2				M	0	0	0, 9, 6, 3	5	0	0
78	78	78	78a	233	233	1.0	1/2	1/2	3/4	2	1	I(6#4#2)		Ab	I		I(6#4#2)		I			6#4#2				M	0	0	0, 9, 6, 3		0	0
79	79	79	79a	234	234	3.0	0	0	3/4	2	1	I}		Ab	I		I		I						}	M	0	0	0, 4, 1		0	0
80	80	80	80a	237	237	3.0	0	0	3/4	2	1	V65(b9)/ii{		Ab	I		V65(b9)/ii		V		65	b9	ii		{	Mm7	0	0	7, 4, 1, 3	-9	3	7
81	81	81	81a	240	240	3.0	0	0	3/4	2	1	ii		Ab	I		ii		ii							m	0	0	2, -1, 3		2	2
82	82	82	82a	243	243	3.0	0	0	3/4	2	1	III.V65(b9)		Ab	III		V65(b9)		V		65	b9				Mm7	0	0	5, 2, -1, 1	-4	1	5
83	83	83	83a	246	246	3.0	0	0	3/4	2	1	I		Ab	III		I		I							M	0	0	0, 4, 1		0	0
84	84	84	84a	249	249	3.0	0	0	3/4	2	1	I.ii6		Ab	I		ii6		ii		6					m	0	0	-1, 3, 2		2	-1
85	85	85	85a	252	252	3.0	0	0	3/4	2	1	viio7/V	#viio65/iii	Ab	I		viio7/V		vii	o	7		V			o7	0	0	6, 3, 0, -3		6	6
86	86	86	86a	255	255	1.5	0	0	3/4	2	1	V7(9)		Ab	I		V7(9)		V		7	9				Mm7	0	0	1, 5, 2, -1	3	1	1
86	86	86	86a	513/2	513/2	1.5	3/8	3/8	3/4	2	1	V7		Ab	I		V7		V		7					Mm7	0	0	1, 5, 2, -1		1	1
87	87	87	87a	258	258	1.5	0	0	3/4	2	1	I(9)}		Ab	I		I(9)		I			9			}	M	0	0	0, 4, 1	2	0	0
87	87	87	87a	519/2	519/2	1.5	3/8	3/8	3/4	2	1	I|PAC		Ab	I		I		I					PAC		M	0	0	0, 4, 1		0	0
88	88	88	88a	261	261	2.0	0	0	3/4	2	1	bVI.I{		Ab	bVI		I		I						{	M	0	0	0, 4, 1		0	0
88	88	88	88a	263	263	1.0	1/2	1/2	3/4	2	1	I(6#4)		Ab	bVI		I(6#4)		I			6#4				M	0	0	0, 4, 6, 3		0	0
89	89	89	89a	264	264	1.0	0	0	3/4	2	1	I		Ab	bVI		I		I							M	0	0	0, 4, 1		0	0
89	89	89	89a	265	265	1.0	1/4	1/4	3/4	2	1	V6(6)		Ab	bVI		V6(6)		V		6	6				M	0	0	5, 4, 1		1	5
89	89	89	89a	266	266	2.0	1/2	1/2	3/4	2	1	V6		Ab	bVI		V6		V		6					M	0	0	5, 2, 1		1	5
90	90	90	90a	268	268	1.0	1/4	1/4	3/4	2	1	vi7(4)		Ab	bVI		vi7(4)		vi		7	4				mm7	0	0	3, 2, 4, 1		3	3
90	90	90	90a	269	269	2.0	1/2	1/2	3/4	2	1	V43(4)/V		Ab	bVI		V43(4)/V		V		43	4	V			Mm7	0	0	3, 0, 2, 1		2	3
91	91	91	91a	271	271	0.5	1/4	1/4	3/4	2	1	V(4)|HC}		Ab	bVI		V(4)		V			4		HC	}	M	0	0	1, 0, 2		1	1
91	91	91	91a	543/2	543/2	1.5	3/8	3/8	3/4	2	1	V		Ab	bVI		V		V							M	0	0	1, 5, 2		1	1
92	92	92	92a	273	273	2.0	0	0	3/4	2	1	I{		Ab	bVI		I		I						{	M	0	0	0, 4, 1		0	0
92	92	92	92a	275	275	1.0	1/2	1/2	3/4	2	1	I(6#4)		Ab	bVI		I(6#4)		I			6#4				M	0	0	0, 4, 6, 3		0	0
93	93	93	93a	276	276	1.0	0	0	3/4	2	1	I		Ab	bVI		I		I							M	0	0	0, 4, 1		0	0
93	93	93	93a	277	277	1.0	1/4	1/4	3/4	2	1	V6(6)		Ab	bVI		V6(6)		V		6	6				M	0	0	5, 4, 1		1	5
93	93	93	93a	278	278	2.0	1/2	1/2	3/4	2	1	V6		Ab	bVI		V6		V		6					M	0	0	5, 2, 1		1	5
94	94	94	94a	280	280	1.0	1/4	1/4	3/4	2	1	vi7(4)		Ab	bVI		vi7(4)		vi		7	4				mm7	0	0	3, 2, 4, 1		3	3
94	94	94	94a	281	281	2.0	1/2	1/2	3/4	2	1	V43(4)/V		Ab	bVI		V43(4)/V		V		43	4	V			Mm7	0	0	3, 0, 2, 1		2	3
95	95	95	95a	283	283	0.5	1/4	1/4	3/4	2	1	V(4)|HC}		Ab	bVI		V(4)		V			4		HC	}	M	0	0	1, 0, 2		1	1
95	95	95	95a	567/2	567/2	1.5	3/8	3/8	3/4	2	1	V		Ab	bVI		V		V							M	0	0	1, 5, 2		1	1
96	96	96	96a	285	285	2.0	0	0	3/4	2	1	I{		Ab	bVI		I		I						{	M	0	0	0, 4, 1		0	0
96	96	96	96a	287	287	1.0	1/2	1/2	3/4	2	1	I(6#4)		Ab	bVI		I(6#4)		I			6#4				M	0	0	0, 4, 6, 3		0	0
97	97	97	97a	288	288	1.0	0	0	3/4	2	1	I		Ab	bVI		I		I							M	0	0	0, 4, 1		0	0
97	97	97	97a	289	289	1.0	1/4	1/4	3/4	2	1	V6(6)		Ab	bVI		V6(6)		V		6	6				M	0	0	5, 4, 1		1	5
97	97	97	97a	290	290	2.0	1/2	1/2	3/4	2	1	V6		Ab	bVI		V6		V		6					M	0	0	5, 2, 1		1	5
98	98	98	98a	292	292	1.0	1/4	1/4	3/4	2	1	vi7(4)		Ab	bVI		vi7(4)		vi		7	4				mm7	0	0	3, 2, 4, 1		3	3
98	98	98	98a	293	293	2.0	1/2	1/2	3/4	2	1	V43(4)/V		Ab	bVI		V43(4)/V		V		43	4	V			Mm7	0	0	3, 0, 2, 1		2	3
99	99	99	99a	295	295	0.5	1/4	1/4	3/4	2	1	V(4)|HC}		Ab	bVI		V(4)		V			4		HC	}	M	0	0	1, 0, 2		1	1
99	99	99	99a	591/2	591/2	1.5	3/8	3/8	3/4	2	1	V		Ab	bVI		V		V							M	0	0	1, 5, 2		1	1
100	100	100	100a	297	297	2.0	0	0	3/4	2	1	I{		Ab	bVI		I		I						{	M	0	0	0, 4, 1		0	0
100	100	100	100a	299	299	1.0	1/2	1/2	3/4	2	1	I(6#4)		Ab	bVI		I(6#4)		I			6#4				M	0	0	0, 4, 6, 3		0	0
101	101	101	101a	300	300	1.0	0	0	3/4	2	1	I		Ab	bVI		I		I							M	0	0	0, 4, 1		0	0
101	101	101	101a	301	301	1.0	1/4	1/4	3/4	2	1	V6(6)		Ab	bVI		V6(6)		V		6	6				M	0	0	5, 4, 1		1	5
101	101	101	101a	302	302	1.0	1/2	1/2	3/4	2	1	V6		Ab	bVI		V6		V		6					M	0	0	5, 2, 1		1	5
102	102	102	102a	303	303	2.0	0	0	3/4	2	1	iii/bVI.V(#2)		Ab	iii/bVI		V(#2)		V			#2				M	0	1	1, 3, 2		1	1
102	102	102	102a	305	305	1.0	1/2	1/2	3/4	2	1	V		Ab	iii/bVI		V		V							M	0	1	1, 5, 2		1	1
103	103	103	103a	306	306	1.0	0	0	3/4	2	1	i(#7)}		Ab	iii/bVI		i(#7)		i			#7			}	m	0	1	0, -3, 1	5	0	0
103	103	103	103a	307	307	2.0	1/4	1/4	3/4	2	1	i|IAC		Ab	iii/bVI		i		i					IAC		m	0	1	0, -3, 1		0	0
104	104	104	104a	309	309	3.0	0	0	3/4	2	1	bVI.ii{		Ab	bVI		ii		ii						{	m	0	0	2, -1, 3		2	2
105	105	105	105a	312	312	2.0	0	0	3/4	2	1	ii2(2)		Ab	bVI		ii2(2)		ii		2	2				mm7	0	0	0, 4, -1, 3		2	0
105	105	105	105a	314	314	1.0	1/2	1/2	3/4	2	1	ii2		Ab	bVI		ii2		ii		2					mm7	0	0	0, 2, -1, 3		2	0
106	106	106	106a	315	315	3.0	0	0	3/4	2	1	V65		Ab	bVI		V65		V		65					Mm7	0	0	5, 2, -1, 1		1	5
107	107	107	107a	318	318	1.0	0	0	3/4	2	1	ii64		Ab	bVI		ii64		ii		64					m	0	0	3, 2, -1		2	3
107	107	107	107a	319	319	1.0	1/4	1/4	3/4	2	1	viio2		Ab	bVI		viio2		vii	o	2					o7	0	0	-4, 5, 2, -1		5	-4
107	107	107	107a	320	320	1.0	1/2	1/2	3/4	2	1	I64}		Ab	bVI		I64		I		64				}	M	0	0	1, 0, 4		0	1
108	108	108	108a	321	321	3.0	0	0	3/4	2	1	V65/V{		Ab	bVI		V65/V		V		65		V		{	Mm7	0	0	6, 3, 0, 2		2	6
109	109	109	109a	324	324	3.0	0	0	3/4	2	1	V2		Ab	bVI		V2		V		2					Mm7	0	0	-1, 1, 5, 2		1	-1
110	110	110	110a	327	327	4.0	0	0	3/4	2	1	I6		Ab	bVI		I6		I		6					M	0	0	4, 1, 0		0	4
111	111	111	111a	331	331	1.0	1/4	1/4	3/4	2	1	I64		Ab	bVI		I64		I		64					M	0	0	1, 0, 4		0	1
111	111	111	111a	332	332	1.0	1/2	1/2	3/4	2	1	I|IAC}		Ab	bVI		I		I					IAC	}	M	0	0	0, 4, 1		0	0
112	112	112	112a	333	333	3.0	0	0	3/4	2	1	ii{		Ab	bVI		ii		ii						{	m	0	0	2, -1, 3		2	2
113	113	113	113a	336	336	2.0	0	0	3/4	2	1	ii2(2)		Ab	bVI		ii2(2)		ii		2	2				mm7	0	0	0, 4, -1, 3		2	0
113	113	113	113a	338	338	1.0	1/2	1/2	3/4	2	1	ii2		Ab	bVI		ii2		ii		2					mm7	0	0	0, 2, -1, 3		2	0
114	114	114	114a	339	339	3.0	0	0	3/4	2	1	V65		Ab	bVI		V65		V		65					Mm7	0	0	5, 2, -1, 1		1	5
115	115	115	115a	342	342	1.0	0	0	3/4	2	1	ii64		Ab	bVI		ii64		ii		64					m	0	0	3, 2, -1		2	3
115	115	115	115a	343	343	1.0	1/4	1/4	3/4	2	1	viio2		Ab	bVI		viio2		vii	o	2					o7	0	0	-4, 5, 2, -1		5	-4
115	115	115	115a	344	344	1.0	1/2	1/2	3/4	2	1	I64}		Ab	bVI		I64		I		64				}	M	0	0	1, 0, 4		0	1
116	116	116	116a	345	345	3.0	0	0	3/4	2	1	V65/V{		Ab	bVI		V65/V		V		65		V		{	Mm7	0	0	6, 3, 0, 2		2	6
117	117	117	117a	348	348	3.0	0	0	3/4	2	1	V2		Ab	bVI		V2		V		2					Mm7	0	0	-1, 1, 5, 2		1	-1
118	118	118	118a	351	351	4.0	0	0	3/4	2	1	I6		Ab	bVI		I6		I		6					M	0	0	4, 1, 0		0	4
119	119	119	119a	355	355	1.0	1/4	1/4	3/4	2	1	V43/V		Ab	bVI		V43/V		V		43		V			Mm7	0	0	3, 0, 2, 6		2	3
119	119	119	119a	356	356	1.0	1/2	1/2	3/4	2	1	V|HC}		Ab	bVI		V		V					HC	}	M	0	0	1, 5, 2		1	1
120	120	120	120a	357	357	2.0	0	0	3/4	2	1	I{		Ab	bVI		I		I						{	M	0	0	0, 4, 1		0	0
120	120	120	120a	359	359	1.0	1/2	1/2	3/4	2	1	I(6#4)		Ab	bVI		I(6#4)		I			6#4				M	0	0	0, 4, 6, 3		0	0
121	121	121	121a	360	360	1.0	0	0	3/4	2	1	I		Ab	bVI		I		I							M	0	0	0, 4, 1		0	0
121	121	121	121a	361	361	1.0	1/4	1/4	3/4	2	1	V6(6)		Ab	bVI		V6(6)		V		6	6				M	0	0	5, 4, 1		1	5
121	121	121	121a	362	362	2.0	1/2	1/2	3/4	2	1	V6		Ab	bVI		V6		V		6					M	0	0	5, 2, 1		1	5
122	122	122	122a	364	364	1.0	1/4	1/4	3/4	2	1	vi7(4)		Ab	bVI		vi7(4)		vi		7	4				mm7	0	0	3, 2, 4, 1		3	3
122	122	122	122a	365	365	2.0	1/2	1/2	3/4	2	1	V43(4)/V		Ab	bVI		V43(4)/V		V		43	4	V			Mm7	0	0	3, 0, 2, 1		2	3
123	123	123	123a	367	367	0.5	1/4	1/4	3/4	2	1	V(4)}		Ab	bVI		V(4)		V			4			}	M	0	0	1, 0, 2		1	1
123	123	123	123a	735/2	735/2	1.5	3/8	3/8	3/4	2	1	V|HC		Ab	bVI		V		V					HC		M	0	0	1, 5, 2		1	1
124	124	124	124a	369	369	2.0	0	0	3/4	2	1	I{		Ab	bVI		I		I						{	M	0	0	0, 4, 1		0	0
124	124	124	124a	371	371	1.0	1/2	1/2	3/4	2	1	I(6#4)		Ab	bVI		I(6#4)		I			6#4				M	0	0	0, 4, 6, 3		0	0
125	125	125	125a	372	372	1.0	0	0	3/4	2	1	I		Ab	bVI		I		I							M	0	0	0, 4, 1		0	0
125	125	125	125a	373	373	1.0	1/4	1/4	3/4	2	1	V6(6)		Ab	bVI		V6(6)		V		6	6				M	0	0	5, 4, 1		1	5
125	125	125	125a	374	374	2.0	1/2	1/2	3/4	2	1	V6		Ab	bVI		V6		V		6					M	0	0	5, 2, 1		1	5
126	126	126	126a	376	376	1.0	1/4	1/4	3/4	2	1	vi7(4)		Ab	bVI		vi7(4)		vi		7	4				mm7	0	0	3, 2, 4, 1		3	3
126	126	126	126a	377	377	2.0	1/2	1/2	3/4	2	1	V43(4)/V		Ab	bVI		V43(4)/V		V		43	4	V			Mm7	0	0	3, 0, 2, 1		2	3
127	127	127	127a	379	379	0.5	1/4	1/4	3/4	2	1	V(4)}		Ab	bVI		V(4)		V			4			}	M	0	0	1, 0, 2		1	1
127	127	127	127a	759/2	759/2	1.5	3/8	3/8	3/4	2	1	V|HC		Ab	bVI		V		V					HC		M	0	0	1, 5, 2		1	1
128	128	128	128a	381	381	2.0	0	0	3/4	2	1	I{		Ab	bVI		I		I						{	M	0	0	0, 4, 1		0	0
128	128	128	128a	383	383	1.0	1/2	1/2	3/4	2	1	I(6#4)		Ab	bVI		I(6#4)		I			6#4				M	0	0	0, 4, 6, 3		0	0
129	129	129	129a	384	384	1.0	0	0	3/4	2	1	I		Ab	bVI		I		I							M	0	0	0, 4, 1		0	0
129	129	129	129a	385	385	1.0	1/4	1/4	3/4	2	1	V6(6)		Ab	bVI		V6(6)		V		6	6				M	0	0	5, 4, 1		1	5
129	129	129	129a	386	386	2.0	1/2	1/2	3/4	2	1	V6		Ab	bVI		V6		V		6					M	0	0	5, 2, 1		1	5
130	130	130	130a	388	388	1.0	1/4	1/4	3/4	2	1	vi7(4)		Ab	bVI		vi7(4)		vi		7	4				mm7	0	0	3, 2, 4, 1		3	3
130	130	130	130a	389	389	2.0	1/2	1/2	3/4	2	1	V43(4)/V		Ab	bVI		V43(4)/V		V		43	4	V			Mm7	0	0	3, 0, 2, 1		2	3
131	131	131	131a	391	391	0.5	1/4	1/4	3/4	2	1	V(4)}		Ab	bVI		V(4)		V			4			}	M	0	0	1, 0, 2		1	1
131	131	131	131a	783/2	783/2	1.5	3/8	3/8	3/4	2	1	V|HC		Ab	bVI		V		V					HC		M	0	0	1, 5, 2		1	1
132	132	132	132a	393	393	2.0	0	0	3/4	2	1	I{		Ab	bVI		I		I						{	M	0	0	0, 4, 1		0	0
132	132	132	132a	395	395	1.0	1/2	1/2	3/4	2	1	I(6#4)		Ab	bVI		I(6#4)		I			6#4				M	0	0	0, 4, 6, 3		0	0
133	133	133	133a	396	396	1.0	0	0	3/4	2	1	I		Ab	bVI		I		I							M	0	0	0, 4, 1		0	0
133	133	133	133a	397	397	1.0	1/4	1/4	3/4	2	1	vii[V6(6)		Ab	bVI	vii	V6(6)		V		6	6				M	0	0	5, 4, 1		1	5
133	133	133	133a	398	398	1.0	1/2	1/2	3/4	2	1	V6		Ab	bVI	vii	V6		V		6					M	0	0	5, 2, 1		1	5
134	134	134	134a	399	399	2.0	0	0	3/4	2	1	iii/bVI.V7(#2)		Ab	iii/bVI	v	V7(#2)		V		7	#2				Mm7	0	1	1, 3, 2, -1		1	1
134	134	134	134a	401	401	1.0	1/2	1/2	3/4	2	1	V7		Ab	iii/bVI	v	V7		V		7					Mm7	0	1	1, 5, 2, -1		1	1
135	135	135	135a	402	402	2.0	0	0	3/4	2	1	i6(#7)}		Ab	iii/bVI	v	i6(#7)		i		6	#7			}	m	0	1	-3, 1, 5		0	-3
135	135	135	135a	404	404	1.0	1/2	1/2	3/4	2	1	i6		Ab	iii/bVI	v	i6		i		6					m	0	1	-3, 1, 0		0	-3
136	136	136	136a	405	405	3.0	0	0	3/4	2	1	V7{		Ab	iii/bVI	v	V7		V		7				{	Mm7	0	1	1, 5, 2, -1		1	1
137	137	137	137a	408	408	2.0	0	0	3/4	2	1	i(+4)		Ab	iii/bVI	v	i(+4)		i			+4				m	0	1	0, -3, 1	-1	0	0
137	137	137	137a	410	410	1.0	1/2	1/2	3/4	2	1	i		Ab	iii/bVI	v	i		i							m	0	1	0, -3, 1		0	0
138	138	138	138a	411	411	1.5	0	0	3/4	2	1	i6		Ab	iii/bVI	v	i6		i		6					m	0	1	-3, 1, 0		0	-3
138	138	138	138a	825/2	825/2	1.5	3/8	3/8	3/4	2	1	i6(6#4)		Ab	iii/bVI	v	i6(6#4)		i		6	6#4				m	0	1	-3, 6, -4, 0		0	-3
139	139	139	139a	414	414	2.0	0	0	3/4	2	1	V7(9)}		Ab	iii/bVI	v	V7(9)		V		7	9			}	Mm7	0	1	1, 5, 2, -1	-4	1	1
139	139	139	139a	416	416	4.0	1/2	1/2	3/4	2	1	V7		Ab	iii/bVI	v	V7		V		7					Mm7	0	1	1, 5, 2, -1		1	1
140	140	140	140a	417	417	0.0	0	0	3/4	2	1	{		Ab	iii/bVI	v									{		0	1				
141	141	141	141a	420	420	2.0	0	0	3/4	2	1	i(+4)		Ab	iii/bVI	v	i(+4)		i			+4				m	0	1	0, -3, 1	-1	0	0
141	141	141	141a	422	422	1.0	1/2	1/2	3/4	2	1	i		Ab	iii/bVI	v	i		i							m	0	1	0, -3, 1		0	0
142	142	142	142a	423	423	1.5	0	0	3/4	2	1	i6		Ab	iii/bVI	v	i6		i		6					m	0	1	-3, 1, 0		0	-3
142	142	142	142a	849/2	849/2	1.5	3/8	3/8	3/4	2	1	i6(6#4)		Ab	iii/bVI	v	i6(6#4)		i		6	6#4				m	0	1	-3, 6, -4, 0		0	-3
143	143	143	143a	426	426	1.5	0	0	3/4	2	1	V7(9)		Ab	iii/bVI	v	V7(9)		V		7	9				Mm7	0	1	1, 5, 2, -1	-4	1	1
143	143	143	143a	855/2	855/2	1.5	3/8	3/8	3/4	2	1	V7		Ab	iii/bVI	v	V7		V		7					Mm7	0	1	1, 5, 2, -1		1	1
144	144	144	144a	429	429	1.5	0	0	3/4	2	1	V7(9)		Ab	iii/bVI	v	V7(9)		V		7	9				Mm7	0	1	1, 5, 2, -1	-4	1	1
144	144	144	144a	861/2	861/2	11.5	3/8	3/8	3/4	2	1	V7]|HC}		Ab	iii/bVI	v	V7		V		7			HC	}	Mm7	0	1	1, 5, 2, -1		1	1
148	148	148	148a	442	442	2.0	1/4	1/4	3/4	2	1	I.V		Ab	I		V		V							M	0	0	1, 5, 2		1	1
1	1	149	1b	444	0	3.0	0	0	3/4	2	1	Ab.I{		Ab	I		I		I						{	M	0	0	0, 4, 1		0	0
2	2	150	2b	447	3	2.0	0	0	3/4	2	1	I64(9)		Ab	I		I64(9)		I		64	9				M	0	0	1, 0, 4	2	0	1
2	2	150	2b	449	5	1.0	1/2	1/2	3/4	2	1	I64		Ab	I		I64		I		64					M	0	0	1, 0, 4		0	1
3	3	151	3b	450	6	3.0	0	0	3/4	2	1	V43		Ab	I		V43		V		43					Mm7	0	0	2, -1, 1, 5		1	2
4	4	152	4b	453	9	2.0	0	0	3/4	2	1	V7(6)		Ab	I		V7(6)		V		7	6				Mm7	0	0	1, 5, 4, -1		1	1
4	4	152	4b	455	11	1.0	1/2	1/2	3/4	2	1	V7		Ab	I		V7		V		7					Mm7	0	0	1, 5, 2, -1		1	1
5	5	153	5b	456	12	3.0	0	0	3/4	2	1	I		Ab	I		I		I							M	0	0	0, 4, 1		0	0
6	6	154	6b	459	15	2.0	0	0	3/4	2	1	V43(+4)/IV		Ab	I		V43(+4)/IV		V		43	+4	IV			Mm7	0	0	1, -2, 0, 4	-1	0	1
6	6	154	6b	461	17	1.0	1/2	1/2	3/4	2	1	V43/IV		Ab	I		V43/IV		V		43		IV			Mm7	0	0	1, -2, 0, 4		0	1
7	7	155	7b	462	18	1.0	0	0	3/4	2	1	I(6#4#2)	IV64	Ab	I		I(6#4#2)		I			6#4#2				M	0	0	0, 9, 6, 3		0	0
7	7	155	7b	463	19	1.0	1/4	1/4	3/4	2	1	I(+76#4#2)		Ab	I		I(+76#4#2)		I			+76#4#2				M	0	0	0, 9, 6, 3	5	0	0
7	7	155	7b	464	20	1.0	1/2	1/2	3/4	2	1	I(6#4#2)		Ab	I		I(6#4#2)		I			6#4#2				M	0	0	0, 9, 6, 3		0	0
8	8	156	8b	465	21	3.0	0	0	3/4	2	1	I}		Ab	I		I		I						}	M	0	0	0, 4, 1		0	0
9	9	157	9b	468	24	3.0	0	0	3/4	2	1	V65(b9)/ii{		Ab	I		V65(b9)/ii		V		65	b9	ii		{	Mm7	0	0	7, 4, 1, 3	-9	3	7
10	10	158	10b	471	27	3.0	0	0	3/4	2	1	ii		Ab	I		ii		ii							m	0	0	2, -1, 3		2	2
11	11	159	11b	474	30	3.0	0	0	3/4	2	1	V65(b9)		Ab	I		V65(b9)		V		65	b9				Mm7	0	0	5, 2, -1, 1	-4	1	5
12	12	160	12b	477	33	3.0	0	0	3/4	2	1	I		Ab	I		I		I							M	0	0	0, 4, 1		0	0
13	13	161	13b	480	36	3.0	0	0	3/4	2	1	V2/IV		Ab	I		V2/IV		V		2		IV			Mm7	0	0	-2, 0, 4, 1		0	-2
14	14	162	14b	483	39	2.0	0	0	3/4	2	1	vi(9)		Ab	I		vi(9)		vi			9				m	0	0	3, 0, 4	5	3	3
14	14	162	14b	485	41	1.0	1/2	1/2	3/4	2	1	vi		Ab	I		vi		vi							m	0	0	3, 0, 4		3	3
15	15	163	15b	486	42	3.0	0	0	3/4	2	1	Fr6		Ab	I		Fr6	Fr	V		43	b5	V			Fr	0	0	-4, 0, 2, 6		2	-4
16	16	164	16b	489	45	3.0	0	0	3/4	2	1	V7|HC}		Ab	I		V7		V		7			HC	}	Mm7	0	0	1, 5, 2, -1		1	1
17	17	165	17b	492	48	3.0	0	0	3/4	2	1	I{		Ab	I		I		I						{	M	0	0	0, 4, 1		0	0
18	18	166	18b	495	51	2.0	0	0	3/4	2	1	I64(9)		Ab	I		I64(9)		I		64	9				M	0	0	1, 0, 4	2	0	1
18	18	166	18b	497	53	1.0	1/2	1/2	3/4	2	1	I64		Ab	I		I64		I		64					M	0	0	1, 0, 4		0	1
19	19	167	19b	498	54	3.0	0	0	3/4	2	1	V43		Ab	I		V43		V		43					Mm7	0	0	2, -1, 1, 5		1	2
20	20	168	20b	501	57	2.0	0	0	3/4	2	1	V7(6)		Ab	I		V7(6)		V		7	6				Mm7	0	0	1, 5, 4, -1		1	1
20	20	168	20b	503	59	1.0	1/2	1/2	3/4	2	1	V7		Ab	I		V7		V		7					Mm7	0	0	1, 5, 2, -1		1	1
21	21	169	21b	504	60	3.0	0	0	3/4	2	1	I		Ab	I		I		I							M	0	0	0, 4, 1		0	0
22	22	170	22b	507	63	2.0	0	0	3/4	2	1	V43(+4)/IV		Ab	I		V43(+4)/IV		V		43	+4	IV			Mm7	0	0	1, -2, 0, 4	-1	0	1
22	22	170	22b	509	65	1.0	1/2	1/2	3/4	2	1	V43/IV		Ab	I		V43/IV		V		43		IV			Mm7	0	0	1, -2, 0, 4		0	1
23	23	171	23b	510	66	1.0	0	0	3/4	2	1	I(6#4#2)	IV64	Ab	I		I(6#4#2)		I			6#4#2				M	0	0	0, 9, 6, 3		0	0
23	23	171	23b	511	67	1.0	1/4	1/4	3/4	2	1	I(+76#4#2)		Ab	I		I(+76#4#2)		I			+76#4#2				M	0	0	0, 9, 6, 3	5	0	0
23	23	171	23b	512	68	1.0	1/2	1/2	3/4	2	1	I(6#4#2)		Ab	I		I(6#4#2)		I			6#4#2				M	0	0	0, 9, 6, 3		0	0
24	24	172	24b	513	69	3.0	0	0	3/4	2	1	I}		Ab	I		I		I						}	M	0	0	0, 4, 1		0	0
25	25	173	25b	516	72	3.0	0	0	3/4	2	1	V65(b9)/ii{		Ab	I		V65(b9)/ii		V		65	b9	ii		{	Mm7	0	0	7, 4, 1, 3	-9	3	7
26	26	174	26b	519	75	3.0	0	0	3/4	2	1	ii		Ab	I		ii		ii							m	0	0	2, -1, 3		2	2
27	27	175	27b	522	78	3.0	0	0	3/4	2	1	III.V65(b9)		Ab	III		V65(b9)		V		65	b9				Mm7	0	0	5, 2, -1, 1	-4	1	5
28	28	176	28b	525	81	4.0	0	0	3/4	2	1	I[I		Ab	III	I	I		I							M	0	0	0, 4, 1		0	0
29	29	177	29b	529	85	2.0	1/4	1/4	3/4	2	1	Fr6	I(b6#42)	Ab	III	I	Fr6	Fr	V		43	b5	V			Fr	0	0	-4, 0, 2, 6		2	-4
30	30	178	30b	531	87	4.0	0	0	3/4	2	1	I		Ab	III	I	I		I							M	0	0	0, 4, 1		0	0
31	31	179	31b	535	91	2.0	1/4	1/4	3/4	2	1	viio43		Ab	III	I	viio43		vii	o	43					o7	0	0	-1, -4, 5, 2		5	-1
32	32	180	32b	537	93	4.0	0	0	3/4	2	1	I		Ab	III	I	I		I							M	0	0	0, 4, 1		0	0
33	33	181	33b	541	97	2.0	1/4	1/4	3/4	2	1	Fr6	I(b6#42)	Ab	III	I	Fr6	Fr	V		43	b5	V			Fr	0	0	-4, 0, 2, 6		2	-4
34	34	182	34b	543	99	3.0	0	0	3/4	2	1	I		Ab	III	I	I		I							M	0	0	0, 4, 1		0	0
35	35	183	35b	546	102	3.0	0	0	3/4	2	1	viio43		Ab	III	I	viio43		vii	o	43					o7	0	0	-1, -4, 5, 2		5	-1
36	36	184	36b	549	105	12.0	0	0	3/4	2	1	I]|IAC}		Ab	III	I	I		I					IAC	}	M	0	0	0, 4, 1		0	0
40	40	188	40b	561	117	3.0	0	0	3/4	2	1	I.ii{		Ab	I		ii		ii						{	m	0	0	2, -1, 3		2	2
41	41	189	41b	564	120	3.0	0	0	3/4	2	1	ii2		Ab	I		ii2		ii		2					mm7	0	0	0, 2, -1, 3		2	0
42	42	190	42b	567	123	3.0	0	0	3/4	2	1	V7/III		Ab	I		V7/III		V		7		III			Mm7	0	0	5, 9, 6, 3		5	5
43	43	191	43b	570	126	1.5	0	0	3/4	2	1	III(#2)}		Ab	I		III(#2)		III			#2			}	M	0	0	4, 6, 5		4	4
43	43	191	43b	1143/2	255/2	1.5	3/8	3/8	3/4	2	1	III		Ab	I		III		III							M	0	0	4, 8, 5		4	4
44	44	192	44b	573	129	3.0	0	0	3/4	2	1	V7/ii{		Ab	I		V7/ii		V		7		ii		{	Mm7	0	0	3, 7, 4, 1		3	3
45	45	193	45b	576	132	1.5	0	0	3/4	2	1	ii(9)}		Ab	I		ii(9)		ii			9			}	m	0	0	2, -1, 3	4	2	2
45	45	193	45b	1155/2	267/2	1.5	3/8	3/8	3/4	2	1	ii		Ab	I		ii		ii							m	0	0	2, -1, 3		2	2
46	46	194	46b	579	135	1.5	0	0	3/4	2	1	ii6(#7){		Ab	I		ii6(#7)		ii		6	#7			{	m	0	0	-1, 3, 7		2	-1
46	46	194	46b	1161/2	273/2	1.5	3/8	3/8	3/4	2	1	ii65		Ab	I		ii65		ii		65					mm7	0	0	-1, 3, 0, 2		2	-1
47	47	195	47b	582	138	3.0	0	0	3/4	2	1	V7|HC}		Ab	I		V7		V		7			HC	}	Mm7	0	0	1, 5, 2, -1		1	1
48	48	196	48b	585	141	3.0	0	0	3/4	2	1	ii{		Ab	I		ii		ii						{	m	0	0	2, -1, 3		2	2
49	49	197	49b	588	144	3.0	0	0	3/4	2	1	ii2		Ab	I		ii2		ii		2					mm7	0	0	0, 2, -1, 3		2	0
50	50	198	50b	591	147	3.0	0	0	3/4	2	1	V7/III		Ab	I		V7/III		V		7		III			Mm7	0	0	5, 9, 6, 3		5	5
51	51	199	51b	594	150	1.5	0	0	3/4	2	1	III(#2)}		Ab	I		III(#2)		III			#2			}	M	0	0	4, 6, 5		4	4
51	51	199	51b	1191/2	303/2	1.5	3/8	3/8	3/4	2	1	III		Ab	I		III		III							M	0	0	4, 8, 5		4	4
52	52	200	52b	597	153	3.0	0	0	3/4	2	1	V7/ii{		Ab	I		V7/ii		V		7		ii		{	Mm7	0	0	3, 7, 4, 1		3	3
53	53	201	53b	600	156	1.5	0	0	3/4	2	1	ii(9)}		Ab	I		ii(9)		ii			9			}	m	0	0	2, -1, 3	4	2	2
53	53	201	53b	1203/2	315/2	1.5	3/8	3/8	3/4	2	1	ii		Ab	I		ii		ii							m	0	0	2, -1, 3		2	2
54	54	202	54b	603	159	1.5	0	0	3/4	2	1	ii6(#7){		Ab	I		ii6(#7)		ii		6	#7			{	m	0	0	-1, 3, 7		2	-1
54	54	202	54b	1209/2	321/2	1.5	3/8	3/8	3/4	2	1	ii6		Ab	I		ii6		ii		6					m	0	0	-1, 3, 2		2	-1
55	55	203	55b	606	162	1.5	0	0	3/4	2	1	V7(#2)}		Ab	I		V7(#2)		V		7	#2			}	Mm7	0	0	1, 10, 2, -1		1	1
55	55	203	55b	1215/2	327/2	1.5	3/8	3/8	3/4	2	1	V7|HC		Ab	I		V7		V		7			HC		Mm7	0	0	1, 5, 2, -1		1	1
56	56	204	56b	609	165	3.0	0	0	3/4	2	1	I{		Ab	I		I		I						{	M	0	0	0, 4, 1		0	0
57	57	205	57b	612	168	2.0	0	0	3/4	2	1	I64(9)		Ab	I		I64(9)		I		64	9				M	0	0	1, 0, 4	2	0	1
57	57	205	57b	614	170	1.0	1/2	1/2	3/4	2	1	I64		Ab	I		I64		I		64					M	0	0	1, 0, 4		0	1
58	58	206	58b	615	171	3.0	0	0	3/4	2	1	V43		Ab	I		V43		V		43					Mm7	0	0	2, -1, 1, 5		1	2
59	59	207	59b	618	174	2.0	0	0	3/4	2	1	V7(6)		Ab	I		V7(6)		V		7	6				Mm7	0	0	1, 5, 4, -1		1	1
59	59	207	59b	620	176	1.0	1/2	1/2	3/4	2	1	V7		Ab	I		V7		V		7					Mm7	0	0	1, 5, 2, -1		1	1
60	60	208	60b	621	177	3.0	0	0	3/4	2	1	I		Ab	I		I		I							M	0	0	0, 4, 1		0	0
61	61	209	61b	624	180	2.0	0	0	3/4	2	1	V43(+4)/IV		Ab	I		V43(+4)/IV		V		43	+4	IV			Mm7	0	0	1, -2, 0, 4	-1	0	1
61	61	209	61b	626	182	1.0	1/2	1/2	3/4	2	1	V43/IV		Ab	I		V43/IV		V		43		IV			Mm7	0	0	1, -2, 0, 4		0	1
62	62	210	62b	627	183	1.0	0	0	3/4	2	1	I(6#4#2)	IV64	Ab	I		I(6#4#2)		I			6#4#2				M	0	0	0, 9, 6, 3		0	0
62	62	210	62b	628	184	1.0	1/4	1/4	3/4	2	1	I(+76#4#2)		Ab	I		I(+76#4#2)		I			+76#4#2				M	0	0	0, 9, 6, 3	5	0	0
62	62	210	62b	629	185	1.0	1/2	1/2	3/4	2	1	I(6#4#2)		Ab	I		I(6#4#2)		I			6#4#2				M	0	0	0, 9, 6, 3		0	0
63	63	211	63b	630	186	3.0	0	0	3/4	2	1	I}		Ab	I		I		I						}	M	0	0	0, 4, 1		0	0
64	64	212	64b	633	189	3.0	0	0	3/4	2	1	V65(b9)/ii{		Ab	I		V65(b9)/ii		V		65	b9	ii		{	Mm7	0	0	7, 4, 1, 3	-9	3	7
65	65	213	65b	636	192	3.0	0	0	3/4	2	1	ii		Ab	I		ii		ii							m	0	0	2, -1, 3		2	2
66	66	214	66b	639	195	3.0	0	0	3/4	2	1	V65(b9)		Ab	I		V65(b9)		V		65	b9				Mm7	0	0	5, 2, -1, 1	-4	1	5
67	67	215	67b	642	198	3.0	0	0	3/4	2	1	I		Ab	I		I		I							M	0	0	0, 4, 1		0	0
68	68	216	68b	645	201	3.0	0	0	3/4	2	1	V2/IV		Ab	I		V2/IV		V		2		IV			Mm7	0	0	-2, 0, 4, 1		0	-2
69	69	217	69b	648	204	2.0	0	0	3/4	2	1	vi(9)		Ab	I		vi(9)		vi			9				m	0	0	3, 0, 4	5	3	3
69	69	217	69b	650	206	1.0	1/2	1/2	3/4	2	1	vi		Ab	I		vi		vi							m	0	0	3, 0, 4		3	3
70	70	218	70b	651	207	3.0	0	0	3/4	2	1	Fr6		Ab	I		Fr6	Fr	V		43	b5	V			Fr	0	0	-4, 0, 2, 6		2	-4
71	71	219	71b	654	210	3.0	0	0	3/4	2	1	V7|HC}		Ab	I		V7		V		7			HC	}	Mm7	0	0	1, 5, 2, -1		1	1
72	72	220	72b	657	213	3.0	0	0	3/4	2	1	I{		Ab	I		I		I						{	M	0	0	0, 4, 1		0	0
73	73	221	73b	660	216	2.0	0	0	3/4	2	1	I64(9)		Ab	I		I64(9)		I		64	9				M	0	0	1, 0, 4	2	0	1
73	73	221	73b	662	218	1.0	1/2	1/2	3/4	2	1	I64		Ab	I		I64		I		64					M	0	0	1, 0, 4		0	1
74	74	222	74b	663	219	3.0	0	0	3/4	2	1	V43		Ab	I		V43		V		43					Mm7	0	0	2, -1, 1, 5		1	2
75	75	223	75b	666	222	2.0	0	0	3/4	2	1	V7(6)		Ab	I		V7(6)		V		7	6				Mm7	0	0	1, 5, 4, -1		1	1
75	75	223	75b	668	224	1.0	1/2	1/2	3/4	2	1	V7		Ab	I		V7		V		7					Mm7	0	0	1, 5, 2, -1		1	1
76	76	224	76b	669	225	3.0	0	0	3/4	2	1	I		Ab	I		I		I							M	0	0	0, 4, 1		0	0
77	77	225	77b	672	228	2.0	0	0	3/4	2	1	V43(+4)/IV		Ab	I		V43(+4)/IV		V		43	+4	IV			Mm7	0	0	1, -2, 0, 4	-1	0	1
77	77	225	77b	674	230	1.0	1/2	1/2	3/4	2	1	V43/IV		Ab	I		V43/IV		V		43		IV			Mm7	0	0	1, -2, 0, 4		0	1
78	78	226	78b	675	231	1.0	0	0	3/4	2	1	I(6#4#2)	IV64	Ab	I		I(6#4#2)		I			6#4#2				M	0	0	0, 9, 6, 3		0	0
78	78	226	78b	676	232	1.0	1/4	1/4	3/4	2	1	I(+76#4#2)		Ab	I		I(+76#4#2)		I			+76#4#2				M	0	0	0, 9, 6, 3	5	0	0
78	78	226	78b	677	233	1.0	1/2	1/2	3/4	2	1	I(6#4#2)		Ab	I		I(6#4#2)		I			6#4#2				M	0	0	0, 9, 6, 3		0	0
79	79	227	79b	678	234	3.0	0	0	3/4	2	1	I}		Ab	I		I		I						}	M	0	0	0, 4, 1		0	0
80	80	228	80b	681	237	3.0	0	0	3/4	2	1	V65(b9)/ii{		Ab	I		V65(b9)/ii		V		65	b9	ii		{	Mm7	0	0	7, 4, 1, 3	-9	3	7
81	81	229	81b	684	240	3.0	0	0	3/4	2	1	ii		Ab	I		ii		ii							m	0	0	2, -1, 3		2	2
82	82	230	82b	687	243	3.0	0	0	3/4	2	1	III.V65(b9)		Ab	III		V65(b9)		V		65	b9				Mm7	0	0	5, 2, -1, 1	-4	1	5
83	83	231	83b	690	246	3.0	0	0	3/4	2	1	I		Ab	III		I		I							M	0	0	0, 4, 1		0	0
84	84	232	84b	693	249	3.0	0	0	3/4	2	1	I.ii6		Ab	I		ii6		ii		6					m	0	0	-1, 3, 2		2	-1
85	85	233	85b	696	252	3.0	0	0	3/4	2	1	viio7/V	#viio65/iii	Ab	I		viio7/V		vii	o	7		V			o7	0	0	6, 3, 0, -3		6	6
86	86	234	86b	699	255	1.5	0	0	3/4	2	1	V7(9)		Ab	I		V7(9)		V		7	9				Mm7	0	0	1, 5, 2, -1	3	1	1
86	86	234	86b	1401/2	513/2	1.5	3/8	3/8	3/4	2	1	V7		Ab	I		V7		V		7					Mm7	0	0	1, 5, 2, -1		1	1
87	87	235	87b	702	258	1.5	0	0	3/4	2	1	I(9)}		Ab	I		I(9)		I			9			}	M	0	0	0, 4, 1	2	0	0
87	87	235	87b	1407/2	519/2	1.5	3/8	3/8	3/4	2	1	I|PAC		Ab	I		I		I					PAC		M	0	0	0, 4, 1		0	0
149	149	236	149a	705	444	3.0	0	0	3/4	2	1	I(6#4#2){	viio43/V{	Ab	I		I(6#4#2)		I			6#4#2			{	M	0	0	0, 9, 6, 3		0	0
150	150	237	150a	708	447	2.0	0	0	3/4	2	1	I(+76#4#2)	viio43(+4)/V	Ab	I		I(+76#4#2)		I			+76#4#2				M	0	0	0, 9, 6, 3	5	0	0
150	150	237	150a	710	449	1.0	1/2	1/2	3/4	2	1	I(6#4#2)	viio43/V	Ab	I		I(6#4#2)		I			6#4#2				M	0	0	0, 9, 6, 3		0	0
151	151	238	151a	711	450	1.0	0	0	3/4	2	1	V(64)		Ab	I		V(64)		V			64				M	0	0	1, 0, 4		1	1
151	151	238	151a	712	451	2.0	1/4	1/4	3/4	2	1	vi7		Ab	I		vi7		vi		7					mm7	0	0	3, 0, 4, 1		3	3
152	152	239	152a	714	453	2.0	0	0	3/4	2	1	I(7)}		Ab	I		I(7)		I			7			}	M	0	0	0, 4, 1	5	0	0
152	152	239	152a	716	455	1.0	1/2	1/2	3/4	2	1	I		Ab	I		I		I							M	0	0	0, 4, 1		0	0
153	153	240	153a	717	456	3.0	0	0	3/4	2	1	I64(b6#4#2){	Ger7{	Ab	I		I64(b6#4#2)		I		64	b6#4#2			{	M	0	0	6, -4, 0, 9		0	6
154	154	241	154a	720	459	2.0	0	0	3/4	2	1	I64(+9b6#4#2)	Ger7(+6)	Ab	I		I64(+9b6#4#2)		I		64	+9b6#4#2				M	0	0	6, -4, 0, 9	2	0	6
154	154	241	154a	722	461	1.0	1/2	1/2	3/4	2	1	I64(b6#4#2)	Ger7	Ab	I		I64(b6#4#2)		I		64	b6#4#2				M	0	0	6, -4, 0, 9		0	6
155	155	242	155a	723	462	1.0	0	0	3/4	2	1	V(64)		Ab	I		V(64)		V			64				M	0	0	1, 0, 4		1	1
155	155	242	155a	724	463	2.0	1/4	1/4	3/4	2	1	vi7		Ab	I		vi7		vi		7					mm7	0	0	3, 0, 4, 1		3	3
156	156	243	156a	726	465	2.0	0	0	3/4	2	1	I(7)}		Ab	I		I(7)		I			7			}	M	0	0	0, 4, 1	5	0	0
156	156	243	156a	728	467	1.0	1/2	1/2	3/4	2	1	I		Ab	I		I		I							M	0	0	0, 4, 1		0	0
157	157	244	157a	729	468	3.0	0	0	3/4	2	1	I(6#4#2){	viio43/V{	Ab	I		I(6#4#2)		I			6#4#2			{	M	0	0	0, 9, 6, 3		0	0
158	158	245	158a	732	471	2.0	0	0	3/4	2	1	I(+76#4#2)	viio43(+4)/V	Ab	I		I(+76#4#2)		I			+76#4#2				M	0	0	0, 9, 6, 3	5	0	0
158	158	245	158a	734	473	1.0	1/2	1/2	3/4	2	1	I(6#4#2)	viio43/V	Ab	I		I(6#4#2)		I			6#4#2				M	0	0	0, 9, 6, 3		0	0
159	159	246	159a	735	474	1.0	0	0	3/4	2	1	V(64)		Ab	I		V(64)		V			64				M	0	0	1, 0, 4		1	1
159	159	246	159a	736	475	2.0	1/4	1/4	3/4	2	1	vi7		Ab	I		vi7		vi		7					mm7	0	0	3, 0, 4, 1		3	3
160	160	247	160a	738	477	2.0	0	0	3/4	2	1	I(7)}		Ab	I		I(7)		I			7			}	M	0	0	0, 4, 1	5	0	0
160	160	247	160a	740	479	1.0	1/2	1/2	3/4	2	1	I		Ab	I		I		I							M	0	0	0, 4, 1		0	0
161	161	248	161a	741	480	3.0	0	0	3/4	2	1	I64(b6#4#2){	Ger7{	Ab	I		I64(b6#4#2)		I		64	b6#4#2			{	M	0	0	6, -4, 0, 9		0	6
162	162	249	162a	744	483	2.0	0	0	3/4	2	1	I64(+9b6#4#2)	Ger7(+6)	Ab	I		I64(+9b6#4#2)		I		64	+9b6#4#2				M	0	0	6, -4, 0, 9	2	0	6
162	162	249	162a	746	485	1.0	1/2	1/2	3/4	2	1	I64(b6#4#2)	Ger7	Ab	I		I64(b6#4#2)		I		64	b6#4#2				M	0	0	6, -4, 0, 9		0	6
163	163	250	163a	747	486	1.0	0	0	3/4	2	1	V(64)		Ab	I		V(64)		V			64				M	0	0	1, 0, 4		1	1
163	163	250	163a	748	487	2.0	1/4	1/4	3/4	2	1	vi7		Ab	I		vi7		vi		7					mm7	0	0	3, 0, 4, 1		3	3
164	164	251	164a	750	489	2.0	0	0	3/4	2	1	I(7)}		Ab	I		I(7)		I			7			}	M	0	0	0, 4, 1	5	0	0
164	164	251	164a	752	491	2.0	1/2	1/2	3/4	2	1	I		Ab	I		I		I							M	0	0	0, 4, 1		0	0
165	165	252	165a	754	493	2.0	1/4	1/4	3/4	2	1	Ger7{		Ab	I		Ger7	Ger	vii	o	7	b3	V		{	Ger	0	0	6, -4, 0, -3		6	6
166	166	253	166a	756	495	4.0	0	0	3/4	2	1	V(64)		Ab	I		V(64)		V			64				M	0	0	1, 0, 4		1	1
167	167	254	167a	760	499	2.0	1/4	1/4	3/4	2	1	Ger7		Ab	I		Ger7	Ger	vii	o	7	b3	V			Ger	0	0	6, -4, 0, -3		6	6
168	168	255	168a	762	501	3.0	0	0	3/4	2	1	V(64)		Ab	I		V(64)		V			64				M	0	0	1, 0, 4		1	1
169	169	256	169a	765	504	24.0	0	0	3/4	2	1	I|IAC}		Ab	I		I		I					IAC	}	M	0	0	0, 4, 1		0	0
